{"cameraMode":{"drawMode":0,"name":"Shaded","section":"Shading Mode"},"sceneLighting":true,"audioPlay":false,"sceneViewState":{"m_AlwaysRefresh":false,"showFog":true,"showSkybox":true,"showFlares":true,"showImageEffects":true,"showParticleSystems":true,"showVisualEffectGraphs":true,"m_FxEnabled":true},"in2DMode":false,"pivot":{"x":1.2498373985290528,"y":34.13434982299805,"z":6.651261329650879},"rotation":{"x":-0.016544708982110025,"y":0.9770501852035523,"z":-0.08256871998310089,"w":-0.1957176923751831},"size":16.963769912719728,"orthographic":false}