{"cameraMode":{"drawMode":0,"name":"Shaded","section":"Shading Mode"},"sceneLighting":true,"audioPlay":false,"sceneViewState":{"m_AlwaysRefresh":false,"showFog":true,"showSkybox":true,"showFlares":true,"showImageEffects":true,"showParticleSystems":true,"showVisualEffectGraphs":true,"m_FxEnabled":true},"in2DMode":false,"pivot":{"x":-0.25256699323654177,"y":14.447514533996582,"z":26.921831130981447},"rotation":{"x":0.028495457023382188,"y":0.0077894991263747219,"z":-0.00024730112636461854,"w":0.9995834827423096},"size":42.41876220703125,"orthographic":false}